{"Test Accuracy": 0.9301645755767822, "Test Loss": 0.2170247584581375}